homme,Jacques,Emmanuel,5/18/1975,BAR-LE-DUC,78.4,172,O+
femme,Laurent,Hilaire,10/21/1936,ROMANS-SUR-ISÈRE,70.8,159,O+
homme,Rodrigue,Byron,9/19/1942,LES MUREAUX,66.6,177,A+
femme,Robert,Roxanne,2/22/1979,TOURS,91.6,154,A+
femme,Lereau,Claudette,11/3/1950,RENNES,99.2,161,B+
homme,Desilets,William,2/18/1967,AMIENS,92.7,186,A+
femme,Boileau,Maryse,9/17/1968,LAVAL,105.4,158,A+
homme,Chouinard,Dominique,2/4/1952,MONTFERMEIL,84.5,183,A+
femme,Bizier,Maureen,6/29/1969,ARLES,76.9,171,B+
femme,Goudreau,Karlotta,6/4/1959,MOULINS,95.7,153,O+
homme,Bordeaux,Leal,7/11/1960,CAVAILLON,86.6,171,B+
homme,Saurel,Yves,11/14/1987,SAINT-OUEN,75.0,182,B+
femme,Bérard,Fleur,6/27/1935,LES ABYMES,52.9,162,O+
femme,Jardine,Hélène,11/24/1978,ASNIÈRES-SUR-SEINE,89.5,154,B+
homme,Desrosiers,Armand,11/23/1964,BAGNOLET,79.0,172,A+
femme,Léveillé,Ila,7/9/1951,ILLKIRCH-GRAFFENSTADEN,74.5,168,B+
femme,Racicot,Alacoque,6/6/1948,BOURGES,50.4,168,A+
homme,Chauvet,Namo,12/1/1977,VIERZON,104.5,178,O+
homme,Labrosse,Saville,10/3/1980,PARIS,74.5,187,O+
homme,Coudert,Lyle,5/17/1970,MONTAUBAN,73.9,176,A+
homme,Adler,Arridano,3/31/1945,PAU,99.9,165,B-
homme,Meilleur,Granville,7/1/1950,HÉROUVILLE-SAINT-CLAIR,81.6,183,B+
femme,Poisson,Élodie,9/20/1984,SAINT-CLOUD,86.1,160,A-
homme,D'Aoust,Vaden,4/30/1965,ISTRES,81.7,175,B+
femme,Labrecque,Valentine,7/7/1990,TREMBLAY-EN-FRANCE,51.4,168,O+
femme,Fouquet,Vivienne,10/7/1952,MARSEILLE,54.8,166,B+
femme,Goulet,Carole,5/11/1973,OYONNAX,73.9,161,A+
femme,De La Ronde,Sabine,6/15/1950,NANTES,81.5,160,O+
homme,Laliberté,Christien,6/12/1944,MARIGNANE,77.0,181,A+
homme,Rouze,Hugh,3/4/1942,SAUMUR,98.8,177,O+
femme,Deserres,Patricia,3/31/1955,ROANNE,57.2,161,A+
femme,Renaud,Allyriane,12/23/1954,VANVES,85.6,156,A+
femme,Gougeon,Catherine,4/22/1963,MARSEILLE,77.3,158,O+
femme,Bler,Maureen,5/19/1998,CHAUMONT,64.9,174,B+
homme,Clavet,Marcel,9/5/1958,BORDEAUX,86.0,172,O+
femme,Dupéré,Fleurette,12/21/1996,MONTCEAU-LES-MINES,57.5,162,B+
homme,Marchesseault,Senapus,4/9/1949,BEZONS,105.4,173,A+
femme,Quinn,Pauline,5/21/1944,VICHY,61.4,166,B+
homme,Larivière,Avent,4/16/1980,BESANÇON,108.7,169,O+
homme,Daviau,Campbell,5/29/1999,TALENCE,98.5,172,A+
femme,Lemaître,Brier,9/2/1937,MONS-EN-BAROEUL,92.4,157,B+
homme,Gaulin,Fortun,8/22/1991,PARIS,101.9,187,O-
femme,Vachon,Angelette,5/28/1966,POISSY,60.7,166,O+
femme,Rivard,Creissant,7/3/1945,SAINT-SÉBASTIEN-SUR-LOIRE,77.0,151,O+
femme,Corbeil,Musette,4/13/1951,MONTPELLIER,60.2,169,A+
femme,Robert,Zoé,5/28/1937,CHÂTILLON,65.9,159,A+
femme,Bizier,Raina,3/28/1943,OYONNAX,71.2,169,A+
femme,Meilleur,Sibyla,11/29/1989,ROANNE,99.4,164,A+
femme,D'Avis,Joanna,4/16/1995,PARIS,80.4,160,O+
femme,Bizier,Demi,2/3/1969,PONTOISE,55.1,166,A+
femme,Cuillerier,Harriette,2/26/1978,AURILLAC,84.9,166,AB-
femme,Saurel,Angelique,1/23/1986,TOURS,55.8,158,O+
femme,Benoit,Karlotta,12/31/1992,TOULOUSE,83.3,171,A+
homme,Mazuret,Seymour,7/23/1939,SAINT-ÉTIENNE-DU-ROUVRAY,87.3,164,O+
femme,Des Meaux,Charlotte,7/25/1941,OYONNAX,91.4,150,A+
homme,Chastain,Arno,5/2/1988,ÉPINAL,111.3,184,O+
homme,Devoe,Burkett,8/24/1982,STRASBOURG,78.2,167,B+
homme,Caisse,Vaden,1/10/1948,VILLEJUIF,101.7,170,O+
homme,Bourgeois,Gustave,7/12/1999,GIF-SUR-YVETTE,92.2,183,AB+
homme,Édouard,Xavier,10/9/1936,MEUDON-LA-FORÊT,73.6,168,O+
homme,Daigneault,Russell,8/20/1999,SAINT-PAUL,94.0,186,B+
homme,Marceau,Éric,4/19/1972,BORDEAUX,102.8,181,A+
femme,Fréchette,Valérie,3/30/1990,LES ULIS,84.1,154,O+
homme,Sansouci,Eugène,6/14/1979,VAULX-EN-VELIN,105.5,172,A+
homme,Audibert,Zacharie,8/31/1997,SAINT-MARTIN,86.1,170,O+
femme,Marceau,Aceline,7/7/1946,PARIS,73.1,163,AB+
homme,Margand,Harbin,11/21/1950,TOULOUSE,69.2,168,B+
femme,Croquetaigne,Rachelle,1/12/1941,SAINT-ÉTIENNE,68.1,155,B+
homme,Doyon,Millard,8/2/1958,ABBEVILLE,73.9,172,O+
femme,Lavallée,Marjolaine,11/17/1972,NÎMES,104.5,155,A+
homme,Vadeboncoeur,Pryor,1/22/1973,THONON-LES-BAINS,85.4,176,B+
homme,Cadieux,Langley,2/7/1988,DÉCINES-CHARPIEU,104.1,173,O+
homme,Perreault,Vaden,7/7/1991,LYON,95.5,184,O+
homme,Casgrain,Hugh,12/16/1967,VIENNE,105.8,178,A-
femme,Brodeur,Lundy,7/6/1986,LYON,93.5,165,B+
homme,Senneville,Julien,6/14/1996,MULHOUSE,104.3,172,A+
femme,Leclair,Bernadette,1/27/1957,BEAUVAIS,60.3,154,A+
femme,Duclos,Madeleine,8/10/1989,LAVAL,73.1,161,O+
femme,Cotuand,Coralie,1/17/1992,CALAIS,90.7,165,A+
femme,Bondy,Amarante,10/15/1946,BAGNEUX,71.8,165,B+
homme,Duplessis,Marlon,10/4/1983,ORLY,64.9,172,B+
homme,Sarrazin,Beltane,3/31/1986,LORIENT,85.9,176,AB+
femme,Audet,Juliette,9/3/1998,MARSEILLE,89.0,172,O-
femme,Méthot,Aurore,4/2/1996,PARIS,96.4,154,B+
homme,Ducharme,Donat,5/31/1951,AIX-EN-PROVENCE,73.4,163,B+
homme,Huot,Valiant,5/4/1958,BOURGOIN-JALLIEU,106.1,187,A+
homme,Déziel,Anton,5/24/1959,ÉVREUX,93.6,169,A+
homme,Grignon,Platt,1/5/1962,LA COURNEUVE,109.5,185,B+
homme,Barrette,Tanguy,12/25/1948,SIX-FOURS-LES-PLAGES,99.1,167,O+
homme,Gagné,Ray,6/22/1950,MASSY,62.1,180,B+
femme,Ouellet,Fusberta,10/21/1934,PARIS,78.1,155,A+
homme,Coulombe,Fabrice,5/14/1970,DOUAI,114.3,186,O+
homme,Monjeau,Aubin,4/8/1967,LYON,89.8,168,O+
femme,Lécuyer,Diane,4/20/1943,MÂCON,68.7,166,O+
homme,Veronneau,Soren,2/22/1956,RIS-ORANGIS,62.2,174,B+
homme,Veilleux,Toussaint,9/2/1983,BAIE-MAHAULT,84.9,170,B+
femme,Longpré,Julie,12/19/1985,ROUEN,102.9,168,AB+
femme,Fortier,Véronique,3/2/1970,BAGNEUX,87.6,157,AB+
homme,Bellefeuille,Grégoire,9/25/1965,MARTIGUES,105.7,172,A-
femme,Gabriaux,Anouk,10/29/1950,RILLIEUX-LA-PAPE,101.4,161,O+
homme,Lamoureux,Varden,9/21/1965,LILLE,68.2,177,O+
femme,Couturier,Fanchon,9/26/1969,DZAOUDZI,83.5,173,A+
femme,Pirouet,Genevre,3/28/1941,ROMAINVILLE,52.3,170,O+
homme,Chartré,Maslin,10/6/1973,BOURGOIN-JALLIEU,102.0,187,B+
homme,Parmentier,Latimer,3/23/1990,SAINT-LEU,98.3,189,AB+
homme,Charlesbois,Octave,7/14/1954,BOURGOIN-JALLIEU,92.4,168,O+
homme,Demers,Vick,8/28/1953,VILLENEUVE-D'ASCQ,64.7,165,A+
homme,Mouet,Harcourt,11/8/1959,MARSEILLE,80.1,171,O-
homme,Ducharme,Hugh,10/11/1938,SAUMUR,86.5,166,B+
femme,Sevier,Pensee,1/28/1941,NIORT,96.7,161,AB+
femme,Truchon,Orane,6/17/1956,BEAUNE,102.8,154,O+
femme,Caouette,Christiane,12/7/1985,MONTPELLIER,65.4,158,O+
femme,Chauvin,Joséphine,2/17/1977,PÉRIGUEUX,50.7,164,A-
femme,Bourgouin,Erembourg,9/4/1966,VILLENAVE-D'ORNON,64.4,167,B+
femme,Gaillard,Corinne,6/10/1966,ORANGE,87.4,153,O+
homme,Trudeau,Arnaud,7/5/1940,FLEURY-LES-AUBRAIS,65.9,171,A+
homme,Brault,Emmanuel,11/22/1969,NIORT,100.5,168,A+
homme,Salois,Royden,7/7/1963,AIX-LES-BAINS,98.0,183,A-
homme,Picard,Pascal,7/31/1952,SAINT-MÉDARD-EN-JALLES,71.1,164,O+
homme,Lévesque,Eustache,9/13/1937,CHERBOURG,59.0,171,AB+
homme,Roux,Mercer,12/20/1999,ALFORTVILLE,86.0,179,O+
homme,Patel,Alexandre,10/18/1968,SAINT-ÉTIENNE-DU-ROUVRAY,113.9,176,B+
femme,Meilleur,Jolie,2/8/1962,LE HAVRE,82.0,165,B+
homme,Dennis,Archaimbau,4/28/1938,ANGERS,96.4,167,A+
femme,Adler,Azura,12/19/1988,MANOSQUE,65.4,172,O+
homme,Lapresse,Astolpho,7/24/1997,LE HAVRE,58.8,179,A-
femme,D'Aoust,Fanette,7/17/1982,LILLE,49.0,159,A+
homme,Jalbert,Archard,10/11/1975,BASTIA,102.9,187,O+
homme,Sicard,Prewitt,3/16/1979,LE PERREUX-SUR-MARNE,74.3,171,A+
homme,Bilodeau,Thierry,11/5/1955,COMBS-LA-VILLE,77.9,179,O+
femme,Frappier,Claire,1/19/1975,AMIENS,82.5,160,AB+
homme,Laisné,Platt,9/29/1958,MANOSQUE,91.6,187,O+
femme,Croteau,Clarimunda,5/21/1947,VILLIERS-LE-BEL,70.0,151,B+
homme,Desnoyers,Ranger,1/29/1937,FORBACH,60.6,183,O+
homme,Labelle,Neville,7/17/1984,CHAMBÉRY,97.8,179,A-
homme,Vallée,Gill,4/20/1960,SAINT-CLOUD,94.4,176,A+
femme,Piedalue,Belle,3/9/1985,PARIS,75.2,154,A+
homme,Raymond,Lothair,3/31/1984,BÉTHUNE,100.1,168,B+
homme,Jodion,Christien,5/27/2000,PONTOISE,72.5,176,O-
femme,Savard,Albracca,2/29/1948,MONT-DE-MARSAN,91.6,167,A+
femme,Poirier,Dalmace,8/30/1945,BAR-LE-DUC,77.3,155,A+
femme,Lefèbvre,Anouk,1/16/1982,NEUILLY-SUR-MARNE,92.6,158,A+
homme,Beauchemin,Searlas,2/13/1974,RENNES,87.6,173,B+
femme,Morneau,Fanette,1/28/1984,MONTÉLIMAR,59.4,166,B+
femme,Boutot,Christelle,10/10/1978,VERTOU,96.1,162,B+
homme,Pouliotte,Maurice,2/21/1980,SAVIGNY-LE-TEMPLE,110.5,174,O+
femme,Barrientos,Ruby,10/2/1949,TOURS,80.0,169,O+
femme,Despins,Marcelle,11/25/1970,POISSY,104.6,162,A+
homme,Bler,Sidney,5/6/1959,ROUEN,74.1,180,O+
femme,Meunier,Marine,8/16/1992,VALENCIENNES,98.6,159,A+
homme,Parent,Aleron,3/4/1993,COURBEVOIE,71.6,176,O-
homme,Corbin,Orson,1/29/1955,AULNAY-SOUS-BOIS,109.8,175,AB+
homme,Potvin,Lothair,9/11/1942,ANGLET,65.9,182,B+
homme,Garcia,Royce,7/7/1973,ÉPINAY-SUR-SEINE,116.3,184,B+
homme,Richer,Parfait,1/5/1994,SAINT-PIERRE-ET-MIQUELON,94.2,183,O+
homme,Langlais,Charles,2/26/1966,CENON,72.5,167,A+
homme,Charette,Courtland,2/17/1979,ANGLET,78.8,174,O+
homme,Paiement,Hugues,11/23/1998,CAYENNE,98.5,190,AB+
femme,Duplessis,Eleanor,9/29/1960,OLIVET,78.6,168,B+
homme,Deslauriers,Octave,5/29/1993,CHAUMONT,104.9,189,O+
homme,Lachapelle,Gaetan,9/17/1980,MONTGERON,95.0,185,B+
homme,Racicot,Henri,11/22/1996,FRESNES,81.7,184,AB+
homme,Vernadeau,Aubert,7/12/1962,GRASSE,80.6,186,A+
homme,Berthiaume,Vachel,1/20/1935,COGNAC,68.4,164,O-
homme,Lalonde,Moore,2/5/1974,AURILLAC,99.8,171,O+
homme,Daigle,Jérôme,9/30/1959,ANGLET,108.6,175,B+
femme,Lacasse,Fusberta,12/30/1994,AJACCIO,52.4,171,A+
femme,Casgrain,Creissant,4/19/1937,PARIS,70.5,170,O+
femme,Quinn,Inès,12/27/1984,FORT-DE-FRANCE,72.9,155,B+
femme,Fecteau,Ninette,7/11/1968,LE PUY-EN-VELAY,92.0,158,A+
homme,Fugère,Parfait,5/10/1974,PARIS,76.9,171,O-
femme,Lagrange,Arlette,4/11/1947,NANTES,98.6,168,O+
femme,Ruest,Pascaline,8/14/1957,LE CHESNAY,96.4,158,A+
homme,Séguin,Normand,5/20/1996,SAINTE-MARIE,77.8,172,B+
femme,Bousquet,Falerina,3/18/1961,LOMME,76.9,168,A+
femme,Beaulac,Vedette,5/7/1938,NANCY,69.8,151,A+
femme,Rousseau,Agnès,12/21/1970,CHERBOURG,87.4,153,O+
homme,Morel,Luc,8/8/1940,SAINT-PRIEST,82.3,164,A+
femme,Beaujolie,Ninette,5/16/1950,YERRES,93.5,155,B+
homme,Tétrault,Searlas,2/9/1946,COLOMIERS,98.8,180,O+
homme,Durand,Guerin,2/14/1990,CONCARNEAU,70.7,171,B-
femme,Jobin,Claude,11/4/1999,LA VARENNE-SAINT-HILAIRE,86.4,164,A+
femme,Frappier,Avril,3/18/1998,LUNÉVILLE,87.7,171,B+
femme,Duhamel,Patricia,3/26/1954,SARTROUVILLE,88.2,155,B+
homme,Roussel,Melville,7/19/1935,VILLENEUVE-D'ASCQ,81.1,181,B+
femme,Rivière,Creissant,4/26/1995,PARIS,62.6,158,B+
homme,Dubé,Émile,12/15/1991,ROUEN,98.2,173,A+
homme,Cormier,Gilbert,9/25/1978,HERBLAY,71.6,186,O+
femme,Lapresse,Holly,10/8/1960,PARIS,93.1,173,O+
homme,Bussière,Campbell,12/7/1999,NIORT,95.0,181,O+
homme,Hébert,Evrard,5/12/1973,THONON-LES-BAINS,67.0,184,O+
homme,Pinneau,Burrell,9/22/1937,DAX,62.0,175,A+
femme,Pouliotte,Blondelle,1/30/1989,PÉRIGUEUX,78.6,155,O+
femme,Miron,Émilie,1/7/1946,PIERREFITTE-SUR-SEINE,89.8,171,B+
femme,Lambert,Camille,7/10/1970,ASNIÈRES-SUR-SEINE,58.3,164,O+
homme,Sacré,Verney,10/29/1970,FORBACH,114.3,173,B+
femme,Beaudry,Clarimunda,7/29/1956,DEUIL-LA-BARRE,70.2,168,A+
femme,Lachapelle,Aimée,1/28/1976,BORDEAUX,88.4,164,O+
femme,Guérette,Rosamonde,12/31/1999,SARTROUVILLE,48.8,163,B+
homme,Jacques,Mandel,8/12/1975,VIGNEUX-SUR-SEINE,106.3,176,O-
femme,Jalbert,Cerise,1/6/1937,ÉCHIROLLES,89.2,163,O+
femme,Pépin,Émilie,8/30/1993,CHAMPS-SUR-MARNE,89.3,160,O+
homme,Houle,Christien,4/1/1983,CHAMBÉRY,75.4,190,O-
femme,Parrot,Holly,8/18/1959,VERNON,55.5,159,A+
femme,Garcia,Agathe,11/11/1966,MARSEILLE,84.2,153,B+
femme,Roussel,Viollette,11/4/1992,VERSAILLES,100.6,160,O+
femme,Abril,Cosette,6/27/1998,BÉTHUNE,76.1,168,A+
femme,Durand,Julie,8/20/1939,CHATOU,49.1,154,O-
femme,Fréchette,Laurence,1/2/1977,GRIGNY,100.7,166,A+
homme,Gabriaux,Bruno,12/1/1934,CHÂTILLON,82.8,175,A+
homme,Coupart,Michel,10/12/1990,BORDEAUX,73.9,176,B+
homme,Deschamps,Robert,7/5/1947,HÉROUVILLE-SAINT-CLAIR,92.4,182,A+
femme,Fortier,Julienne,2/12/1964,BEAUVAIS,74.7,169,B+
femme,Bisaillon,Martine,3/26/1984,VERTOU,66.9,175,A+
femme,Demers,Cendrillon,1/14/1992,VITRY-SUR-SEINE,87.6,165,O+
homme,Dumont,Roslyn,9/8/1953,VESOUL,91.4,184,B+
femme,Lapierre,Raison,3/4/1934,POINTE-À-PITRE,63.5,160,A+
homme,Rhéaume,Claude,2/8/1983,MARSEILLE,101.7,189,A+
homme,Carrière,Valiant,3/26/1976,MARIGNANE,108.1,171,A+
homme,Guertin,Arnaud,11/1/2000,COLOMIERS,53.8,178,A+
homme,Couture,Charles,3/27/1963,ÉVRY,88.7,187,AB+
homme,Duval,Philippe,4/20/1992,MONTPELLIER,85.7,173,O+
homme,LaGarde,Soren,7/24/1936,BRIVE-LA-GAILLARDE,85.6,174,A+
homme,Gervais,Clovis,2/4/1963,ARRAS,81.8,184,O+
femme,Melanson,Christiane,1/21/1942,ARGENTEUIL,62.0,164,A-
homme,Couturier,Sargent,2/18/1939,VILLEMOMBLE,84.8,179,AB+
femme,Chatigny,Agate,11/14/1979,ISTRES,59.9,174,A+
homme,Boncoeur,Gilles,7/7/1964,ANGERS,90.5,173,O+
homme,Giroux,Bartlett,11/14/1956,LE BOUSCAT,98.4,170,A+
homme,Goudreau,Barry,11/18/1984,SAINT-QUENTIN,63.9,170,B+
homme,Guimond,Vincent,12/18/1985,MARSEILLE,64.4,168,A+
homme,Pinette,Burnell,6/1/1933,SENS,98.9,178,O+
homme,Covillon,Mason,11/4/1956,PONTOISE,84.4,170,O+
homme,Marcil,Benoît,7/24/1955,VIGNEUX-SUR-SEINE,90.3,185,B+
femme,Leduc,Laurette,5/19/1980,WATTRELOS,95.7,169,A+
homme,Paquin,Verrill,9/1/1964,DAMMARIE-LES-LYS,112.7,168,O+
homme,Dostie,Joseph,10/18/1952,LE CANNET,105.0,185,A-
homme,Gauvin,Telford,4/28/1975,EAUBONNE,91.1,175,O-
homme,Bonsaint,Gilles,5/16/1988,LILLE,67.2,169,O+
homme,Lépicier,Aleron,12/9/1955,LE PLESSIS-ROBINSON,100.2,185,A+
femme,Roy,Susanne,4/13/1955,MEUDON,52.4,166,O+
femme,Alexandre,Charlotte,8/15/1993,MONTMORENCY,98.4,154,O+
homme,Garreau,Satordi,5/21/1986,LE LAMENTIN,97.2,170,O+
homme,Sciverit,Evrard,2/21/1956,CHELLES,79.7,176,AB+
homme,Laboissonnière,Manville,10/3/1942,LA CIOTAT,102.5,177,O+
femme,Parent,Ormazd,8/6/1982,ALBI,71.8,166,B+
homme,Rocher,Orson,12/7/1967,SAINT-GERMAIN-EN-LAYE,97.6,188,A+
femme,Thivierge,Erembourg,8/13/1945,BELFORT,69.0,168,B+
femme,Tachel,Marthe,4/7/1967,HYÈRES,66.8,173,O+
femme,Adler,Pauline,9/23/1979,VINCENNES,53.2,154,B+
femme,Patel,Philippine,6/10/1980,BAGNOLET,91.2,170,B+
femme,Lapointe,Jacqueline,6/27/1960,LA CIOTAT,72.1,157,O+
homme,Leclerc,Archard,10/16/1978,MIRAMAS,112.6,181,O+
homme,Huppé,Alain,10/19/1949,OYONNAX,71.3,175,O+
femme,Paradis,Ophelia,3/15/1981,LYON,95.9,157,AB+
femme,Corbin,Leala,4/16/1990,LIMOGES,52.9,175,O+
homme,Laframboise,Marmion,12/24/1939,SAINT-RAPHAËL,101.1,178,O+
homme,Pelland,Timothée,4/14/1992,LE HAVRE,78.4,174,AB+
femme,Patenaude,Mavise,5/28/1994,SAINTE-MARIE,79.3,168,A+
femme,Voisine,Fleur,7/12/1984,ISSY-LES-MOULINEAUX,77.3,170,AB+
homme,Paré,Montague,4/23/1986,VILLENEUVE-SUR-LOT,63.8,183,O-
homme,Coudert,Gifford,9/8/2000,BRON,91.8,163,A+
homme,Busque,Laurent,4/13/1964,COLMAR,71.8,183,AB+
homme,Dandonneau,Arber,10/7/1970,MARSEILLE,80.3,170,O-
homme,Thibault,Royce,12/23/1946,SAINT-LEU,74.0,163,B+
femme,Gamelin,Constance,1/17/1947,PIERREFITTE-SUR-SEINE,59.8,171,O+
femme,Lanoie,Roxanne,12/2/1992,VERSAILLES,64.6,163,O+
homme,Bourgeois,Olivier,10/1/1941,TOULON,59.3,172,A+
homme,Guérette,Saville,10/12/1935,ARRAS,101.8,178,A+
femme,Durand,Yvette,5/27/1961,MONTPELLIER,62.6,154,B+
femme,Dupéré,Ormazd,5/16/1952,CONFLANS-SAINTE-HONORINE,60.3,171,A+
femme,Vadeboncoeur,Genevre,9/4/1949,VILLEPINTE,71.4,166,O+
femme,Bernard,Joséphine,10/23/1960,LUNEL,51.1,169,A+
homme,Givry,Florus,10/28/1976,AUBERVILLIERS,91.2,168,A+
femme,Allaire,Patience,5/19/1999,AIX-EN-PROVENCE,81.3,163,A-
femme,Lavallée,Voleta,3/18/1995,TOURS,54.5,171,O+
homme,Lang,Barry,6/5/1962,VILLENAVE-D'ORNON,85.6,170,B+
homme,Pinneau,Yves,7/5/1968,COLOMIERS,114.8,172,O+
homme,Béland,Paien,5/18/1995,NOUMÉA,62.9,174,AB+
femme,Bérubé,Joanna,6/30/1950,VILLENEUVE-D'ASCQ,66.4,154,O+
femme,Caya,Amber,6/17/1943,SAINT-CLOUD,53.4,166,O+
homme,Archambault,Arber,6/21/1939,LIMOGES,71.7,167,A+
homme,Lafrenière,Lowell,1/8/1987,SAINTES,69.7,188,AB-
femme,Garceau,Alita,3/6/1985,VINCENNES,48.5,164,B+
homme,Petrie,Stéphane,8/17/1946,LES ULIS,95.4,167,O+
homme,Guimond,Troy,11/26/1974,LE GRAND-QUEVILLY,83.7,181,B+
homme,Piedalue,Philip,10/31/1966,BOBIGNY,102.3,187,O+
homme,Marcoux,Vachel,7/11/1997,NOISY-LE-SEC,105.3,187,A-
homme,Goguen,Carolos,11/5/1937,AURILLAC,70.5,183,O+
femme,Lagacé,Favor,10/20/1936,MONTPELLIER,84.0,166,O+
femme,Lang,Hilaire,6/20/1977,LE MANS,57.7,154,A+
femme,Lécuyer,Fanchon,1/20/1992,PARIS,76.1,158,A+
femme,Bordeleau,Brigitte,5/29/1986,CHÂTEAUROUX,73.6,165,O+
femme,Richard,Belda,4/14/1985,CLICHY,50.7,168,A+
femme,Garceau,Pansy,12/27/1945,ORLÉANS,87.6,168,B+
femme,Lambert,Robinette,7/24/1992,HYÈRES,94.1,160,A+
homme,Tardif,Laurent,9/15/1950,ASNIÈRES-SUR-SEINE,103.1,168,AB+
homme,Larocque,Valiant,12/16/1960,MARSEILLE,88.3,172,A-
femme,Leduc,Cinderella,3/15/1984,CAMBRAI,58.5,158,B+
homme,Doucet,Satordi,7/13/1997,PERPIGNAN,67.3,189,A+
homme,Patel,Burkett,10/28/1945,SÈVRES,63.6,165,O+
femme,Chartier,Fleur,8/18/1970,NEUILLY-SUR-SEINE,93.6,160,A+
femme,Soucy,Parnella,12/21/1944,BEZONS,55.4,163,O+
homme,Belisle,Moore,9/30/1954,IVRY-SUR-SEINE,71.4,186,O+
femme,Lejeune,Falerina,4/16/1941,AIX-EN-PROVENCE,60.9,156,B+
femme,Crête,Melisande,7/26/1991,PONTOISE,53.2,172,B-
homme,Giguère,Iven,2/7/1950,DUNKERQUE,78.2,176,B+
femme,Therrien,France,7/16/1966,VILLEMOMBLE,94.8,160,B+
homme,Rocheleau,Barry,6/22/1981,VILLEMOMBLE,78.6,175,O+
homme,Monrency,Honoré,12/23/1941,STRASBOURG,72.4,175,O+
homme,Gaillou,Gaspar,2/24/1992,PARIS,83.9,190,O+
femme,Cailot,Eglantine,4/7/1978,MONTPELLIER,68.3,167,A+
homme,Bourget,D'Arcy,8/9/1999,MÉRIGNAC,76.4,171,AB+
homme,Lachance,Bartlett,6/5/1976,BELFORT,71.5,173,A-
femme,Arnoux,Felicienne,6/10/1933,MONTROUGE,94.1,157,AB+
homme,Landry,Anton,5/15/1983,LONGJUMEAU,70.9,183,O+
femme,Brunault,Georgette,5/6/1946,ÉPERNAY,72.6,156,B+
femme,Sylvain,Denise,4/5/1959,TOULON,82.6,169,A+
femme,Patry,Madeleine,7/24/1939,LYON,64.7,158,A+
homme,Tremblay,Brice,9/12/1948,TOULOUSE,90.1,176,O-
femme,Leroux,Gay,4/21/1987,VILLENEUVE-D'ASCQ,102.4,165,O+
femme,Rouleau,Halette,4/18/1933,PARIS,90.0,166,O+
homme,Gilbert,Peppin,12/1/1954,SAINT-NAZAIRE,92.0,174,O+
femme,Séguin,Heloise,4/11/1997,MAISONS-ALFORT,75.0,155,B+
femme,Lamy,Garland,3/30/1950,CLERMONT-FERRAND,60.8,166,O+
femme,Fréchette,Leala,6/12/1961,JOUÉ-LÈS-TOURS,79.5,157,A+
femme,Lécuyer,Bradamate,3/22/1984,VILLIERS-SUR-MARNE,100.0,159,O+
homme,Baron,Gradasso,8/6/1952,ILLKIRCH-GRAFFENSTADEN,94.4,167,O+
homme,Mainville,Charles,9/20/1962,TOURCOING,74.6,168,B+
femme,Austin,Susanne,11/1/1992,DAX,49.9,158,O+
femme,Guimond,Xavierre,7/5/1953,CHARLEVILLE-MÉZIÈRES,63.5,162,A+
homme,Roy,Malagigi,9/17/1990,CERGY,60.0,174,O+
homme,Salois,Quennel,7/19/1944,CHÂLONS-EN-CHAMPAGNE,98.0,165,B+
femme,Course,Éléonore,4/1/1971,LES ABYMES,51.3,173,O+
femme,Renaud,Audrey,6/13/1953,MONTÉLIMAR,87.0,163,O+
femme,Langlois,Emmanuelle,3/18/1972,VIGNEUX-SUR-SEINE,56.3,164,B+
homme,Sanschagrin,Gano,6/12/1946,BRÉTIGNY-SUR-ORGE,92.4,178,AB+
femme,Marceau,Creissant,6/20/1997,PANTIN,87.5,160,A-
femme,Huard,Cécile,5/26/1973,SAINT-LEU,98.4,162,B+
femme,Margand,Roxanne,4/10/1986,NANTES,62.0,167,B+
homme,Grignon,Hamilton,11/10/1985,VANNES,103.2,186,B+
homme,Dennis,Rabican,2/28/1946,CHÂTENAY-MALABRY,105.9,180,O-
homme,Avare,Louis,8/14/1956,LE PETIT-QUEVILLY,78.7,165,O-
homme,De La Ronde,Richard,8/29/1989,PARIS,65.2,179,O+
homme,Tanguay,Montague,9/23/1945,AMIENS,103.6,166,B+
femme,Longpré,Belda,7/4/1940,ALBI,73.7,151,O+
femme,Montminy,Fanette,1/11/1961,LE CANNET,79.2,169,O+
femme,Fournier,Maryse,5/24/1948,SAINT-CLOUD,56.4,170,A+
femme,Pinneau,Aiglentina,8/6/1965,TOURCOING,67.0,170,O-
homme,Beauchamps,Gauthier,8/13/1953,LORIENT,82.4,180,O-
femme,Lafrenière,Olivie,2/23/1988,LA ROCHE-SUR-YON,97.8,166,O+
femme,Drouin,Laverne,11/5/1986,L'HAŸ-LES-ROSES,101.0,175,O+
femme,Jodion,Henriette,7/20/1946,THIONVILLE,81.3,152,A+
homme,Sansouci,Astolpho,7/18/1968,MARIGNANE,74.0,182,A+
femme,Lessard,Ormazd,10/20/1981,CALUIRE-ET-CUIRE,100.5,167,O+
femme,Charron,Rive,3/19/1980,SURESNES,69.5,157,O+
femme,Rouleau,Faye,12/20/1960,MONTPELLIER,73.0,153,O+
femme,Gour,Brunella,6/3/1992,HERBLAY,97.8,164,B+
femme,Brochu,Simone,4/14/1953,METZ,60.0,169,B+
femme,Sabourin,Favor,5/10/1996,LYON,50.6,156,O+
homme,Metivier,Tristan,6/20/1985,MONTGERON,97.1,178,O+
femme,Saurel,Christabel,3/22/1994,MONTAUBAN,63.7,169,O+
homme,Lefèbvre,Aleron,10/9/1987,MENDE,76.7,181,O+
femme,Aupry,Cher,5/14/1967,BLAGNAC,79.7,168,O+
homme,Roy,Thibaut,4/4/1970,LIMOGES,97.4,174,O+
homme,Briard,Clovis,5/23/1986,DRAVEIL,100.7,172,A+
homme,Grondin,Mandel,6/14/1966,AMIENS,68.7,172,B+
femme,Proulx,Avice,12/12/1939,RODEZ,102.3,165,O+
homme,Lécuyer,Dominic,2/28/1997,CERGY,109.5,184,AB+
homme,Langlois,Aubert,6/14/1970,POISSY,72.0,183,O+
femme,Cartier,Eulalie,5/8/1939,PARIS,76.1,152,A+
femme,Sauvé,Ermengardi,10/11/1971,TOULOUSE,53.5,158,B+
femme,Ducharme,Marveille,1/25/1983,VILLIERS-SUR-MARNE,71.2,156,O+
femme,Routhier,Océane,8/3/1978,LE PLESSIS-ROBINSON,57.3,160,AB+
homme,Giroux,Thierry,7/7/1943,MIRAMAS,76.8,172,O+
femme,Talon,Orane,12/13/1995,PARIS,63.7,163,AB+
homme,Bélair,Victor,1/28/1942,PONTAULT-COMBAULT,95.8,172,O+
homme,Bizier,Peverell,5/13/1988,BOURGOIN-JALLIEU,71.5,180,O+
homme,Lagacé,Harcourt,3/23/1992,TRAPPES,81.5,190,A+
femme,Chandonnet,Solaine,7/23/1941,CLAMART,84.7,160,O+
homme,Hervé,Robert,1/11/1974,LEVALLOIS-PERRET,72.7,174,O+
homme,Routhier,Malagigi,9/26/1943,RUEIL-MALMAISON,99.4,182,A+
femme,Gaulin,Royale,6/23/2000,CHAMPS-SUR-MARNE,73.6,161,B+
homme,Trottier,Thiery,3/9/1989,ROUEN,66.7,172,A+
femme,Lafond,Raison,12/22/1971,GRENOBLE,78.5,164,O+
femme,Soucy,Laurette,11/9/1979,SAINT-SÉBASTIEN-SUR-LOIRE,62.6,154,A+
femme,Norbert,Vedette,1/30/1934,WATTRELOS,57.7,158,B+
homme,Villeneuve,Roslyn,7/19/1935,HAZEBROUCK,76.7,183,A+
femme,Louineaux,Elita,4/18/1960,BORDEAUX,92.1,166,A+
homme,Maheu,Loyal,11/26/1972,MONTIGNY-LÈS-METZ,64.9,180,A+
femme,Gauvin,Vivienne,5/14/1970,CHERBOURG,91.2,164,O-
femme,Dufresne,Auda,3/26/1957,ÉPINAY-SUR-SEINE,76.6,156,AB+
femme,Clavet,Sibyla,3/23/1950,SAINTE-MARIE,70.4,164,O+
homme,Charbonneau,Beltane,3/5/1967,DUNKERQUE,107.1,173,O+
homme,Bizier,Quincy,6/2/1934,MONT-DE-MARSAN,79.3,177,A+
femme,Riel,Capucine,6/29/1988,ANNECY,60.9,169,A+
homme,Thibodeau,Peppin,3/15/1947,LA CIOTAT,60.2,176,O+
femme,Lajeunesse,Cinderella,9/30/1982,GRADIGNAN,67.3,166,B+
femme,Laramée,Leala,9/21/1957,BRUNOY,101.6,170,O+
femme,Savard,Azura,7/5/1962,ANGOULÊME,93.6,170,A+
homme,Laberge,Maslin,5/30/1949,SAINT-ANDRÉ,84.9,183,O+
femme,Poulin,Élisabeth,10/25/1941,MARSEILLE,51.3,161,B+
homme,Pellerin,Ray,5/14/1944,LE MANS,101.7,172,AB+
homme,Lévesque,Perrin,10/5/1999,FRESNES,85.0,163,O+
homme,Giguère,Vernon,7/6/1982,BAR-LE-DUC,107.5,183,O+
homme,Desroches,Gilbert,5/26/1972,NIORT,80.2,177,AB+
homme,Ouellet,Onfroi,3/30/1970,ÉTAMPES,83.1,173,O+
homme,Boutot,Valiant,7/21/1933,SCHOELCHER,86.9,183,AB+
femme,Vallée,Charlotte,8/1/1982,SAINT-DENIS,76.5,167,O+
femme,Petrie,Suzette,3/29/1956,BORDEAUX,95.5,166,O+
homme,Chalut,Namo,8/8/1978,RODEZ,73.2,175,A+
femme,Lesage,Olympia,3/26/1967,GONESSE,100.5,166,A+
femme,Doiron,Belisarda,5/12/1977,PARIS,86.0,168,A+
homme,Sauvé,Porter,4/26/1991,CARCASSONNE,96.8,185,B+
homme,Rouleau,Brice,1/27/1957,ROANNE,100.8,169,O-
homme,Bourget,Florus,9/30/1956,VÉLIZY-VILLACOUBLAY,78.3,172,B+
homme,Laberge,Vick,4/25/1953,RENNES,105.4,180,O+
homme,Briard,Christophe,3/8/1933,ÉPINAL,100.0,179,O-
homme,Jodion,Alfred,8/10/1942,AIX-LES-BAINS,89.4,168,A+
femme,Gagnon,Charmaine,5/8/1955,ÉLANCOURT,80.3,155,A+
femme,Bérard,Baptiste,1/5/1941,ILLKIRCH-GRAFFENSTADEN,71.0,154,B+
homme,Gaudreau,Lowell,10/1/1997,GRIGNY,93.7,184,A+
homme,Chandonnet,Léon,1/24/1944,MARSEILLE,84.4,178,AB-
homme,Bureau,Jérôme,3/15/1959,VESOUL,107.1,173,A+
femme,L'Heureux,Alexandrie,5/5/1956,MONTÉLIMAR,74.2,166,B+
femme,Giguère,Clémence,6/9/1964,MONTAUBAN,65.7,155,A+
femme,D'Aubigné,Susanne,3/31/1937,VILLENEUVE-SAINT-GEORGES,86.2,150,A-
femme,Briard,Raison,4/10/1984,PARIS,74.9,168,O-
femme,Routhier,Mignonette,12/4/1964,BESANÇON,84.7,171,A-
femme,Mazuret,Baptiste,12/7/1961,ALÈS,85.1,172,A+
femme,Routhier,Frédérique,2/20/1934,COGNAC,93.9,152,O+
femme,Beaulieu,Alphonsine,12/28/1959,PARIS,100.9,157,O+
femme,Thibault,Aurore,12/8/1955,SAINT-MÉDARD-EN-JALLES,67.7,156,B+
femme,Truchon,Blanchefle,7/25/1944,BAYONNE,77.1,169,A+
femme,Lamare,Estelle,8/3/1993,LE CANNET,91.5,154,O-
femme,Racine,Orane,1/15/1943,AURILLAC,69.8,158,B+
homme,L'Anglais,Soren,10/3/1935,AUCH,76.3,179,AB+
femme,Therriault,Gemma,11/28/1985,MARSEILLE,88.3,165,A+
femme,Rivière,Stéphanie,5/19/1996,ALÈS,57.5,161,O+
homme,Clavette,Germain,7/5/1934,SAINTE-GENEVIÈVE-DES-BOIS,101.9,172,A+
homme,Martin,Eliot,10/25/1941,GARGES-LÈS-GONESSE,74.1,182,O+
homme,Tessier,Gradasso,4/27/1940,CHÂTILLON,60.0,171,B+
femme,Veilleux,Fabienne,11/24/1994,SAINT-ÉTIENNE-DU-ROUVRAY,77.0,157,O+
femme,Bonnet,Viollette,11/7/1940,BEAUVAIS,107.8,158,O+
homme,Gendron,Xavier,8/15/1943,FORT-DE-FRANCE,67.5,179,B+
homme,Baron,Jean,8/9/1985,SAINT-LAURENT-DU-VAR,85.9,175,O+
homme,Théberge,Maslin,10/17/1961,SAINTE-FOY-LÈS-LYON,72.6,187,A+
femme,Tisserand,Orva,5/31/1972,SAINT-LOUIS,79.3,165,AB+
femme,Labbé,Baptiste,9/4/1966,PLAISIR,96.9,162,O+
homme,Pichette,Yves,2/9/1980,GAP,76.2,176,A+
femme,Guilmette,Aubrette,8/25/1975,LYON,88.7,172,B+
homme,Grignon,Charlot,4/3/1939,HAZEBROUCK,90.4,175,A+
homme,Huot,Arno,9/25/1984,MULHOUSE,109.1,188,B+
homme,Aucoin,Merle,6/4/1990,PONTAULT-COMBAULT,97.2,190,O+
homme,Patenaude,Tearlach,4/7/1964,SAINT-LEU,75.7,187,A+
femme,Jacques,Cendrillon,2/20/1958,LE PLESSIS-ROBINSON,69.5,161,A+
femme,Ricard,Édith,11/25/1956,ALFORTVILLE,68.7,171,O-
homme,Charlesbois,Lance,4/3/1993,NIORT,66.6,175,B+
femme,Cantin,Trinette,8/20/1976,ROANNE,83.0,160,A+
femme,LaGarde,Didiane,4/5/1968,NÎMES,76.9,163,O+
homme,Alexandre,Soren,7/6/1998,GIF-SUR-YVETTE,98.8,188,O+
homme,Rocher,Dreux,1/30/1987,MARSEILLE,80.3,174,A+
homme,Dandonneau,René,12/2/1990,PARIS,61.5,170,O+
femme,Hachée,Olympia,12/30/1943,SIX-FOURS-LES-PLAGES,66.9,171,A-
femme,Duval,Elita,9/16/1978,AMIENS,78.2,155,A+
homme,Beauchemin,Tabor,10/30/1980,TORCY,88.9,168,O+
femme,Racicot,Oriel,5/12/1988,MANOSQUE,68.5,158,A+
femme,Pariseau,Crescent,8/11/1938,COMBS-LA-VILLE,81.5,168,O+
femme,Ruais,Colette,10/2/1983,LAON,76.1,155,O+
homme,D'Aoust,Rémy,6/22/1985,MONTMORENCY,85.9,175,A+
homme,Gaulin,Sargent,2/28/1972,PIERREFITTE-SUR-SEINE,109.0,179,O-
homme,Clavet,Arnou,12/19/1945,ANGLET,87.9,170,O+
femme,Généreux,Frédérique,9/11/1948,ORLÉANS,66.7,166,A+
femme,Migneault,Mariette,3/19/1950,TOULON,97.2,160,B+
femme,Laboissonnière,Anouk,7/24/1975,LONGJUMEAU,58.6,159,B+
femme,Daviau,Harriette,5/20/1954,NEVERS,97.8,168,O+
homme,Guérette,Patrick,5/13/1995,BOURGES,94.3,171,B+
homme,L'Anglais,Artus,10/28/1994,VALENCIENNES,98.8,169,B+
femme,Mercure,Crescent,3/30/1974,FOIX,89.4,168,O+
femme,Blanchard,Fauna,2/5/1998,CREIL,47.0,151,A+
femme,Tanguay,Fifi,12/5/1961,LONGJUMEAU,71.2,156,A+
femme,Roussel,Amélie,4/29/1998,GENNEVILLIERS,68.9,154,O+
femme,Lapresse,Eglantine,7/22/1999,CHATOU,85.7,154,O-
homme,Ménard,Frédéric,1/2/1960,LIMOGES,105.7,177,AB+
femme,Clavet,Jacqueline,8/8/1991,LORIENT,63.6,164,O+
homme,Cressac,Audric,10/21/1952,ALBI,80.6,183,B+
homme,Goddu,Marsilius,1/23/1962,PARIS,108.1,166,O-
homme,Deblois,Thierry,11/27/1973,VALLAURIS,71.1,189,A+
homme,Saurel,Ferrau,6/10/1953,MONTREUIL,79.1,172,O-
femme,Robitaille,Villette,3/19/1996,BELFORT,82.4,167,B+
femme,Brisette,Aubrette,12/30/1933,CERGY,48.1,164,O+
homme,Flamand,Amaury,10/29/1988,VALENCIENNES,104.0,184,A-
homme,Bourgeau,Cloridan,6/7/1998,LYON,76.5,167,B+
homme,Tremblay,Burnell,5/5/1962,BERGERAC,90.1,181,B+
homme,Cliche,Brice,5/10/1937,ÉCHIROLLES,83.5,175,A+
femme,Bourgeois,Voleta,7/14/1952,LYON,78.9,155,B+
homme,Dupont,Hamilton,5/22/1997,FONTAINE,107.6,178,O+
homme,Nadeau,Aubrey,2/4/1953,GRADIGNAN,102.3,182,A+
homme,Patel,Ganelon,3/2/1976,MARSEILLE,89.7,172,O+
femme,Jetté,Josette,7/27/1962,ÉVREUX,78.6,157,AB+
homme,Casgrain,Iven,8/31/1984,ÉCHIROLLES,111.7,182,A+
homme,Tétrault,Ray,12/26/1940,MARSEILLE,85.3,174,A+
homme,Cotuand,Kerman,5/17/1985,PANTIN,89.6,184,A+
homme,Petrie,Loring,10/10/1950,MAGAGNOSC,83.1,163,A+
femme,Lapierre,Erembourg,9/8/1979,LUNEL,94.2,156,A+
femme,Pelchat,Mariette,7/25/1936,LA PLAINE-SAINT-DENIS,66.4,160,A+
homme,Lampron,Pryor,10/17/1950,LYON,90.9,180,B+
femme,Fortier,Fleur,6/18/1969,ÉPERNAY,96.8,154,A+
homme,Lemelin,Aloin,3/4/1935,YERRES,67.5,162,A+
femme,Cormier,Noémi,11/21/1978,PONTOISE,96.7,164,A+
femme,Émond,Marcelle,7/31/1971,BÉZIERS,65.9,159,O+
femme,Houle,Viollette,3/26/1943,RODEZ,96.3,163,B+
femme,Renaud,Genevre,8/31/1959,PARIS,73.9,153,B+
homme,CinqMars,Tristan,3/13/1981,SAINTE-GENEVIÈVE-DES-BOIS,104.5,177,O+
femme,Therriault,Blondelle,12/23/1996,CHÂLONS-EN-CHAMPAGNE,97.2,156,O+
femme,Fortin,Auda,6/14/1964,SAINTES,57.9,153,O+
homme,Querry,Harbin,7/15/1933,VITROLLES,102.7,168,O+
homme,DuLin,Satordi,11/13/1999,CAYENNE,76.8,166,A+
homme,Lavoie,Saber,10/22/1959,SAINT-ÉTIENNE-DU-ROUVRAY,71.7,168,O+
femme,Senneville,Melodie,7/5/1967,TARBES,86.5,169,O+
homme,CinqMars,Mason,11/21/1951,PESSAC,90.7,169,O+
femme,Leroy,Corinne,4/16/1964,CHALON-SUR-SAÔNE,98.1,170,A+
homme,Benoit,Somerville,9/5/1964,MARSEILLE,85.3,173,A+
homme,Bonenfant,Arno,10/24/1988,MENTON,82.6,171,B+
homme,Noël,Franck,1/1/1948,BAYONNE,84.3,182,A+
homme,Beaulieu,Armand,9/25/1937,LYON,93.4,169,A+
femme,Bellemare,Maryse,1/18/1941,LOMME,87.5,151,A+
homme,Laramée,Medoro,8/12/1948,ARGENTEUIL,102.0,178,AB+
homme,Galarneau,Joseph,10/4/1988,FORT-DE-FRANCE,94.5,168,O+
femme,Allain,Rive,12/29/1997,AGDE,46.6,156,B+
homme,Fluet,Odo,2/13/1983,FORT-DE-FRANCE,74.4,188,O+
femme,Brodeur,Mariette,9/12/1950,SAINT-GERMAIN-EN-LAYE,69.9,170,O+
femme,Renaud,Merci,5/22/1952,BEAUVAIS,87.6,155,O+
homme,Aucoin,Huon,3/8/1958,MARCQ-EN-BAROEUL,80.7,185,O-
homme,Lemelin,Alain,12/6/1970,CAMBRAI,66.7,183,O+
homme,Lapierre,Landers,12/20/1982,RIS-ORANGIS,66.5,172,O+
homme,Huot,Orson,3/8/1978,MARSEILLE,78.4,184,AB+
femme,Compagnon,Brie,9/24/1943,BRÉTIGNY-SUR-ORGE,94.1,161,O+
femme,Vadeboncoeur,Angelette,12/30/1945,BASTIA,87.4,169,O+
femme,Courcelle,Vedette,10/23/1988,STAINS,73.8,161,O+
femme,Mercier,Gaetane,8/4/1950,LES ULIS,94.3,152,A+
femme,Flamand,Pensee,2/28/1985,ORANGE,73.5,158,A+
femme,Cyr,Sophie,9/13/2000,TOULON,52.6,174,AB+
homme,Vertefeuille,Somer,7/4/1973,AJACCIO,102.7,176,B+
homme,Beauchemin,Charles,10/11/1968,AURILLAC,102.8,173,B+
femme,Aucoin,Gemma,4/11/1994,LORIENT,72.6,158,O+
femme,Marchesseault,Simone,12/17/1999,NANCY,69.5,154,B-
homme,Bois,Neville,8/10/1972,TALENCE,98.3,176,O+
femme,Margand,Christabel,11/22/1971,COURBEVOIE,70.6,171,A+
homme,Vertefeuille,Fletcher,9/26/1965,FRANCONVILLE-LA-GARENNE,97.3,174,O+
homme,Boulé,Satordi,8/6/1944,PARIS,65.6,176,O-
homme,L'Heureux,Aleron,11/13/1953,ANGLET,89.4,174,B+
femme,Bergeron,Jewel,4/30/1978,LA MADELEINE,87.6,170,O+
homme,Sanschagrin,Sacripant,5/23/1967,PERPIGNAN,103.7,187,B+
homme,De La Ronde,Lyle,8/14/1984,NANTES,71.3,178,O+
femme,Bourassa,Jacquenett,10/12/1933,SIX-FOURS-LES-PLAGES,60.0,170,O+
femme,Tétrault,Angelique,3/28/1958,MEUDON-LA-FORÊT,97.9,166,B+
femme,Lapresse,Caroline,4/14/1953,CHAUMONT,73.4,152,A+
homme,Gingras,Gill,4/23/1995,MONTIGNY-LE-BRETONNEUX,90.3,170,O+
femme,Hervieux,Margaux,5/24/1982,VILLIERS-SUR-MARNE,72.1,158,A+
homme,Arcouet,Mallory,1/17/1986,PANTIN,67.5,169,A+
homme,Dastous,Bartlett,3/13/1943,SAINT-MARTIN,76.3,181,B+
femme,Latourelle,Linette,2/17/1985,PARIS,52.6,159,O+
homme,Vaillancourt,Algernon,2/3/1995,COLMAR,56.3,175,A+
homme,Monrency,Huon,8/17/1950,CLAMART,66.8,184,A+
homme,Racicot,Talbot,7/16/1946,GOUSSAINVILLE,85.0,178,O+
femme,Boulanger,Dorene,9/6/1998,MARSEILLE,59.4,170,A+
homme,Denis,Marmion,5/14/1940,MIRAMAS,75.7,169,A+
femme,Despins,Creissant,12/1/1977,MONTPELLIER,67.8,161,A+
femme,Saindon,Brice,4/8/1950,SAINT-HERBLAIN,55.8,156,A+
femme,Bonsaint,Clémence,7/29/2000,DIGNE-LES-BAINS,50.0,172,AB+
homme,Ouellet,Aubrey,3/26/1971,SAINT-QUENTIN,96.2,169,O-
homme,Roussel,Marlon,8/11/1947,CHALON-SUR-SAÔNE,95.6,181,O+
femme,Lereau,Avril,1/3/1934,PLAISIR,66.5,168,B+
homme,Charest,Arthur,4/17/1988,SOTTEVILLE-LÈS-ROUEN,74.0,182,O+
homme,Clavet,Robert,12/23/1971,RIS-ORANGIS,108.8,183,O+
homme,Bussière,Granville,1/25/1988,NEVERS,93.3,186,A+
femme,Dodier,Inès,4/27/1952,ÉVREUX,72.4,161,O+
homme,Marseau,Senior,1/7/1982,BOIS-COLOMBES,65.3,188,O+
homme,Desruisseaux,Namo,3/13/1997,LA CELLE-SAINT-CLOUD,93.9,179,B+
femme,Asselin,Sylvie,7/9/1954,MARSEILLE,86.4,154,O+
homme,Martineau,Evrard,9/29/1994,METZ,100.9,173,A-
homme,Petrie,Lothair,3/25/1940,SAINT-NAZAIRE,81.9,183,O+
homme,Tisserand,Nicolas,2/4/1960,COLMAR,71.0,166,O+
femme,Collin,Clarimunda,10/16/2000,DÉCINES-CHARPIEU,82.7,158,AB+
femme,Compagnon,Parnella,2/25/1954,LES ABYMES,65.6,157,O+
femme,Asselin,Fayette,3/31/1946,ÉCHIROLLES,76.8,163,A+
femme,Barrette,Maryse,9/29/1956,LE PLESSIS-ROBINSON,101.3,161,O-
homme,Bourassa,Senapus,4/18/1973,CANNES,101.0,168,A+
femme,Clément,Honore,2/17/1968,VERDUN,90.6,160,B-
homme,Archambault,Lucas,8/26/1949,LYON,78.5,167,O+
homme,Monty,Henri,4/10/1985,SAINTE-ANNE,74.0,170,A+
homme,Plourde,Octave,5/16/1954,GUYANCOURT,104.8,165,O+
femme,Racicot,Nadine,9/15/1996,CHOISY-LE-ROI,91.2,168,B+
femme,Frappier,France,8/16/1991,LYON,99.1,173,B+
homme,Marcheterre,Luc,5/5/1980,TOULON,83.4,179,O+
homme,LeBatelier,Lucas,2/13/1980,SAINT-CLOUD,68.2,173,B+
homme,Veronneau,David,11/15/1965,MONTGERON,73.9,173,AB+
homme,Belisle,Avenall,7/26/1937,GRIGNY,95.5,174,AB+
homme,Bouchard,Desire,4/16/1944,VILLIERS-LE-BEL,83.3,164,O+
femme,Bourget,Pensee,3/5/1952,LYON,93.1,153,B+
femme,Jodoin,Magnolia,8/22/1980,LA SEYNE-SUR-MER,104.9,159,O+
homme,Boisclair,Arnou,2/9/1985,SAINT-LEU,79.5,184,AB+
femme,Lavoie,Claudette,2/5/1941,CHÂTELLERAULT,104.9,155,O+
femme,Villeneuve,Melisande,3/20/1959,CAHORS,59.6,157,A+
femme,Cailot,Adélaïde,11/13/1943,SÈVRES,55.2,168,O+
homme,Parmentier,Bevis,1/30/1934,LA GARDE,71.3,177,O+
femme,Bériault,Mariette,12/13/1989,ORLY,77.0,157,B+
homme,Sciverit,Marcel,11/26/1993,LYON,59.9,175,O+
homme,Quiron,Jérôme,2/13/1987,MIRAMAS,84.3,185,B+
femme,Lamarre,Mathilde,1/18/1944,ALFORTVILLE,55.4,163,A+
homme,Douffet,Robert,11/2/1960,MONTAUBAN,66.2,179,O+
homme,Lamy,Aloin,6/27/1999,MIRAMAS,62.3,189,AB+
homme,Lamare,Courtland,1/12/1982,LENS,69.7,174,A+
homme,Dubois,Ganelon,6/19/1989,MARSEILLE,62.7,173,O+
homme,LaCaille,Barry,9/11/1995,CASTRES,59.5,183,O+
homme,Lacharité,Dreux,11/8/1996,CORBEIL-ESSONNES,66.0,188,A+
homme,Hébert,William,10/16/1998,VERSAILLES,92.0,182,O+
homme,Laurent,Jules,1/3/1946,GRANDE-SYNTHE,74.7,168,B+
homme,Fugère,Alexandre,10/24/1999,MONTGERON,53.2,172,A+
femme,Dastous,Aurélie,1/13/1962,SEDAN,93.7,172,O+
homme,Aubin,Astolpho,8/8/1970,LIMOGES,68.1,173,A+
homme,Bourgeois,Xavier,10/20/1979,SAINT-MÉDARD-EN-JALLES,96.1,186,O+
femme,Marleau,Aubrey,9/25/2000,LANESTER,86.5,167,O+
homme,Bonami,Théodore,7/25/1944,LES ABYMES,91.9,167,O+
homme,Fortier,Anton,2/3/1994,TOULOUSE,90.8,167,A+
homme,Doyon,Brigliador,5/2/1996,DIJON,63.4,175,A+
homme,Metivier,Jesper,10/6/1941,TOULON,80.5,168,O+
homme,Lamarre,Avenall,1/9/1940,VINCENNES,81.0,183,A+
femme,Champagne,Hedvige,6/27/1988,ANTIBES,95.6,166,O-
homme,Paquin,Odo,6/16/1956,VALENCIENNES,104.6,175,O+
femme,Girard,Julienne,5/31/1975,COMPIÈGNE,83.1,157,A+
femme,Charpentier,Methena,1/28/1953,NANTERRE,81.2,164,A+
femme,Cliche,Fusberta,10/27/1934,SAINT-LOUIS,83.9,165,A+
femme,Blanchard,Jeanne,11/22/1989,TOULOUSE,61.0,155,B+
homme,Chouinard,Vernon,7/12/1942,MONTPELLIER,94.2,174,O-
homme,Dupéré,Odo,4/8/1991,SEDAN,79.0,171,A+
homme,Racine,Fitz,8/19/1957,CALUIRE-ET-CUIRE,70.6,172,O+
homme,Méthot,Bevis,7/31/1997,LES LILAS,83.0,169,B+
homme,Guilmette,Aimé,2/29/1976,LANESTER,110.3,183,B+
homme,Aubé,Malagigi,8/3/1993,LA GARDE,87.1,169,A+
homme,DeGrasse,Leroy,7/25/1945,STAINS,69.4,173,A+
femme,Neufville,Geneviève,8/14/1976,GRADIGNAN,93.5,165,O+
homme,Lemaître,Ganelon,8/29/1938,VILLEPARISIS,100.4,164,A+
femme,Ratté,Robinette,3/4/1992,CALAIS,85.1,175,B+
homme,Perrault,Octave,3/12/1994,SURESNES,59.3,167,O+
femme,Brodeur,Lucille,12/8/1985,LE CHESNAY,61.9,171,B+
femme,Noël,Brie,8/28/1975,MAISONS-ALFORT,98.5,172,O+
homme,Miron,Guillaume,11/15/1970,LIBOURNE,108.8,188,A+
homme,Pelchat,Bernard,5/25/1980,TOULON,100.6,180,A+
homme,Martin,Gaston,12/25/1975,ARMENTIÈRES,76.8,186,B+
homme,Rossignol,Bartlett,12/4/1951,SAINT-LEU,99.6,178,A+
femme,Loiseau,Thérèse,2/7/1961,MONTFERMEIL,91.9,172,B+
homme,Huppé,Sébastien,1/23/1935,MARIGNANE,92.6,163,A-
homme,Petrie,Grosvenor,12/3/1945,AMIENS,69.3,170,O+
homme,Faubert,Bevis,2/14/1987,MONTBÉLIARD,83.0,186,A+
femme,Fluet,Faye,3/31/1949,VAULX-EN-VELIN,92.0,171,O+
homme,Allaire,Merlin,3/7/1976,BASTIA,97.3,173,O+
femme,Trottier,Dalmace,11/18/1966,NOISY-LE-GRAND,71.2,171,O+
femme,Beaulieu,Andrée,11/14/1998,POINTE-À-PITRE,59.7,167,A+
femme,Moreau,Robinette,6/29/1965,SAINT-DIÉ,101.4,174,AB+
femme,Dufresne,Thérèse,1/13/1946,BASTIA,73.9,159,A+
homme,Gamelin,Quincy,10/31/1936,MONT-DE-MARSAN,67.1,178,O+
homme,Beaulieu,Léon,11/19/1993,SAINTE-ANNE,73.1,183,O+
homme,Gamelin,Alphonse,9/1/1986,MANTES-LA-JOLIE,107.0,171,A+
homme,De La Vergne,Oliver,3/14/1996,FRESNES,97.9,172,O+
femme,Simard,Huette,12/22/1953,MONTPELLIER,94.5,168,O-
homme,Ruest,Pinabel,5/11/1987,ALFORTVILLE,104.4,174,AB+
femme,Léveillé,Camille,3/29/1968,SAINT-ÉTIENNE,71.0,157,O+
femme,Faubert,Villette,11/3/1943,FORT-DE-FRANCE,73.5,152,O+
femme,Adler,Albertine,7/4/1967,DIJON,93.7,174,O+
homme,Lapierre,Dreux,3/5/1988,ARGENTEUIL,103.0,171,O+
femme,LeBatelier,Esperanza,12/7/1934,MARSEILLE,87.8,150,B+
homme,Brian,Aimé,4/1/1942,VINCENNES,93.1,170,B+
femme,Brault,Leala,1/30/1994,VILLENAVE-D'ORNON,71.8,171,A+
homme,Cousteau,David,12/8/1936,GRIGNY,68.7,181,B+
homme,Turgeon,Frontino,12/26/1973,CAEN,85.8,189,A+
femme,Jodoin,Charline,6/21/1985,SAINT-MAUR-DES-FOSSÈS,70.6,170,O+
homme,Gendron,Christophe,1/16/1952,MULHOUSE,64.0,180,A+
femme,Laprise,Sophie,2/26/1978,MARSEILLE,63.7,165,A+
homme,Baron,Talbot,3/4/1939,LE PERREUX-SUR-MARNE,93.1,172,O+
homme,Lemelin,Verney,8/21/1965,GIF-SUR-YVETTE,66.1,177,A+
femme,Auger,Prunella,7/24/1986,LILLE,66.0,154,O+
femme,Bourgeau,Amarante,3/25/1940,HERBLAY,60.1,154,B+
femme,Auclair,Marveille,3/16/1971,CHARLEVILLE-MÉZIÈRES,88.4,169,A+
homme,Boileau,Ogier,8/5/1954,LEVALLOIS-PERRET,106.5,185,A-
femme,Patry,Noelle,2/28/1995,GRASSE,97.0,163,A+
femme,Archambault,Kari,8/23/1995,MONTPELLIER,69.2,158,O+
homme,Fouquet,Lowell,7/19/1933,PARIS,103.0,183,O+
homme,Lacroix,Alfred,9/11/1934,SÈTE,77.7,177,O+
homme,Givry,Russell,4/3/1987,SAINT-DIÉ,78.1,179,A+
homme,Ailleboust,Auriville,11/6/1992,CAMBRAI,74.1,186,A+
homme,Beaudry,Saber,7/25/1981,ILLKIRCH-GRAFFENSTADEN,98.9,171,O-
homme,LeBatelier,Aloin,6/25/1939,BRÉTIGNY-SUR-ORGE,86.9,165,B+
femme,Brian,Louise,2/8/1996,SAINT-DENIS,62.0,169,AB+
homme,Ailleboust,Fletcher,4/27/1933,RODEZ,92.0,173,O+
homme,Laderoute,Charlot,10/7/1977,GRENOBLE,77.0,185,O+
femme,Pelletier,Merci,10/6/1937,COGNAC,53.3,154,O+
homme,Beaupré,Timothée,9/11/1974,BEZONS,84.1,185,O-
femme,Auclair,La Roux,5/11/1978,SUCY-EN-BRIE,76.6,158,B+
femme,Dupont,Caroline,8/31/1948,PANTIN,65.8,151,AB+
homme,Montminy,Legget,3/23/1978,ISTRES,114.2,189,B+
homme,Cressac,Wyatt,12/10/1982,LES ULIS,74.2,177,O+
homme,Laux,Quincy,11/7/1999,MANTES-LA-JOLIE,55.4,182,O+
femme,Hughes,Gallia,11/24/1987,BRÉTIGNY-SUR-ORGE,76.5,157,A+
homme,Chalut,Chappell,3/5/1946,LYON,63.8,178,AB+
homme,Bonenfant,Avenall,7/8/1978,TOULOUSE,70.5,174,O+
homme,Goddu,Thiery,8/12/1956,DREUX,103.3,180,A+
homme,Labrie,Langley,4/28/1997,PAU,78.3,168,A+
homme,Bélair,Nicolas,3/27/1965,BOURG-EN-BRESSE,72.3,184,O+
femme,Desrosiers,Yolette,7/30/1938,AMIENS,70.2,165,A+
homme,Salois,Vernon,10/11/1992,AUBERVILLIERS,109.2,186,O+
femme,Monty,Pauline,8/23/1973,SEVRAN,67.3,174,A+
femme,Monty,Bernadette,11/28/1992,VILLEFRANCHE-SUR-SAÔNE,78.2,157,A+
femme,Tachel,Marguerite,9/12/1936,HERBLAY,70.0,152,A+
femme,Labrosse,Élodie,10/8/1955,PRIVAS,60.6,160,A+
homme,Laderoute,Somerville,9/23/1960,LA PLAINE-SAINT-DENIS,100.7,171,O+
homme,Dupont,Aubert,5/23/1949,HÉROUVILLE-SAINT-CLAIR,68.2,166,AB+
femme,Grenier,Jacqueline,1/20/1980,LYON,80.4,168,O+
femme,Brasseur,Avelaine,4/7/1944,PAU,92.0,163,O+
homme,Rouze,Merle,5/25/1944,BORDEAUX,93.5,179,AB-
femme,Ménard,Parnella,4/20/1986,BOBIGNY,98.4,157,O+
femme,Brian,Kari,10/21/1946,COMBS-LA-VILLE,94.1,151,B+
homme,Cinq-Mars,Fletcher,10/13/1987,TOURCOING,78.6,170,B+
femme,Despins,Christiane,2/25/1964,PRIVAS,59.5,166,O-
femme,Lebrun,Juliette,12/19/1998,COLOMBES,84.6,157,O+
femme,Pirouet,Geneviève,6/13/1963,REZÉ,100.4,170,O+
femme,Bourgouin,Marphisa,5/19/1969,LE PERREUX-SUR-MARNE,102.9,155,B+
femme,Sylvain,Felicienne,4/6/1987,TOURNEFEUILLE,63.6,175,AB+
femme,Desnoyers,Aya,3/9/1998,PARIS,49.5,160,B+
femme,Patry,Laurene,8/28/1990,NEUILLY-SUR-MARNE,74.5,162,O+
femme,Boileau,Natalie,12/11/1988,SAINT-ÉTIENNE,54.2,161,AB+
homme,Godin,Dexter,4/9/1980,MONTLUÇON,91.3,183,O+
femme,Lévesque,Adorlee,1/11/1966,GRENOBLE,84.5,161,B+
femme,Royer,Blondelle,4/19/1999,LA TESTE-DE-BUCH,72.2,165,A+
homme,de Brisay,Maslin,1/23/1972,VIENNE,94.5,172,B+
femme,Boisclair,Clarice,10/26/1955,GRANDE-SYNTHE,68.2,156,AB+
homme,Achin,Hugues,10/10/1997,LE PLESSIS-ROBINSON,99.5,187,O+
homme,Bourget,Auguste,10/21/1965,PARIS,70.8,179,O+
homme,LaGrande,Roland,8/1/1935,NÎMES,60.8,169,O+
homme,Brault,Vick,4/14/1963,TOULON,82.6,175,B+
homme,Dumoulin,Burnell,9/24/1954,PARIS,98.5,168,A+
homme,Mercier,Sennet,2/17/1988,ATHIS-MONS,97.6,172,O+
homme,Rochon,Davet,4/25/1983,MOULINS,100.8,170,O+
homme,Marier,Théophile,6/30/1975,LE PERREUX-SUR-MARNE,66.9,167,B+
femme,L'Heureux,Sibyla,11/5/1947,SAINT-LAURENT-DU-VAR,50.1,159,B+
femme,Veilleux,Stéphanie,7/7/1972,ÉCHIROLLES,101.3,156,O+
homme,Piedalue,Somerville,8/20/1948,PERPIGNAN,84.2,167,O+
homme,Tétrault,Emmanuel,8/17/1990,BAGNOLET,61.7,178,O+
homme,Lanoie,Gano,11/26/1999,PARIS,54.5,189,B+
femme,Despins,Creissant,6/22/1933,CHAUMONT,55.7,158,O+
homme,Beauchamp,Bernard,3/17/1935,FRANCONVILLE-LA-GARENNE,75.1,165,O+
homme,Favreau,Sumner,4/16/1971,ILLKIRCH-GRAFFENSTADEN,70.5,173,O-
femme,Bédard,Laurene,10/29/1972,VILLEFRANCHE-SUR-SAÔNE,58.5,159,B+
homme,Henrichon,Arnou,2/7/1936,VERDUN,75.9,176,O+
homme,Guérette,Joseph,7/7/1938,TARBES,101.7,183,O+
femme,Laberge,Patience,5/8/1967,VERDUN,69.5,161,A+
homme,Pouliotte,Bertrand,6/7/1998,VIRY-CHÂTILLON,91.5,169,AB+
femme,Chabot,Christiane,5/13/1937,MARSEILLE,56.6,170,O+
homme,de Chateaub,Noël,10/21/1975,BELFORT,111.4,187,O+
homme,Laurent,Arnaud,12/21/1943,ROANNE,74.5,183,A+
homme,Frappier,Xavier,10/9/1966,SAINT-MALO,94.1,167,O+
femme,Grenier,Ambra,4/8/1977,VALLAURIS,68.7,161,A+
femme,Talon,Aurélie,4/8/1975,RUEIL-MALMAISON,50.1,160,A+
femme,Larocque,Adélaïde,2/5/1938,SÈVRES,55.2,168,O+
femme,Couture,Trinette,7/21/1985,METZ,91.8,167,O+
femme,Blais,Jeanette,11/19/1973,TREMBLAY-EN-FRANCE,102.9,159,O+
femme,Hervieux,Véronique,8/14/1996,LE MANS,76.9,164,B+
homme,Labonté,Gradasso,11/27/1982,TREMBLAY-EN-FRANCE,98.3,174,A+
femme,Primeau,Monique,9/23/1944,CHÂTELLERAULT,65.2,162,B+
femme,Fugère,Trinette,11/24/1936,CLAMART,94.1,151,O+
femme,L'Hiver,Eglantine,7/25/1986,HERBLAY,86.3,162,B+
homme,Cantin,Iven,3/13/1951,DÉCINES-CHARPIEU,84.6,173,O+
femme,Cartier,Carole,7/30/1934,SAINT-MICHEL-SUR-ORGE,93.2,163,B+
femme,Grondin,Amélie,11/29/1963,MONTPELLIER,53.6,158,O+
homme,Lajoie,Honoré,4/12/1997,AIX-EN-PROVENCE,61.1,171,B+
homme,Duclos,Brice,9/21/1983,SOISSONS,70.4,184,O+
femme,Jomphe,Constance,8/6/1950,BRON,93.5,161,AB+
femme,Lamour,Avice,2/4/1988,TOULOUSE,74.4,163,O+
femme,Saindon,Maurelle,3/25/1941,MÂCON,86.5,161,B+
homme,Boisclair,Isaac,11/2/1967,MAISONS-ALFORT,83.4,167,O+
femme,Guay,Agnès,3/21/1997,LE PORT,69.7,160,A+
femme,Cousteau,Hilaire,10/14/1954,PARIS,51.1,154,O+
femme,Marcheterre,Aimée,11/16/1975,DRANCY,57.8,159,A+
homme,Simard,Grégoire,7/13/1940,VALLAURIS,76.3,167,O-
homme,Corbin,Arthur,1/1/2000,LES ULIS,54.4,175,B-
femme,Soucy,Amorette,5/20/1970,DUNKERQUE,84.3,162,A+
femme,Dufresne,Maurelle,9/15/1990,CONCARNEAU,65.5,158,O+
femme,Jacques,Thérèse,8/2/1988,LA CELLE-SAINT-CLOUD,73.2,170,A+
homme,Ménard,Gaston,6/11/1981,GUÉRET,89.9,187,B-
femme,Miron,Genevre,11/9/1939,DUNKERQUE,85.8,159,AB+
femme,Léveillé,Amarante,10/7/1939,VALENCE,61.8,161,A+
homme,Bourget,Aubert,10/23/1950,GUYANCOURT,109.4,171,B+
homme,Courtois,Robert,5/13/1985,NÎMES,66.4,175,A+
femme,Charbonneau,Bradamate,8/19/1972,CERGY,60.8,172,A+
femme,Arcouet,Océane,8/9/1963,SAINTE-MARIE,56.3,160,O+
femme,Thériault,Noelle,1/11/1961,LES MUREAUX,67.6,164,A+
femme,Aucoin,Fayette,12/27/1985,BAYONNE,52.1,162,B+
femme,Dionne,Ancelina,11/23/1963,NEUILLY-SUR-MARNE,97.8,164,A+
homme,Labrie,Thiery,2/25/1987,PARIS,109.8,182,A+
femme,Guédry,Falerina,10/20/1948,MAUBEUGE,60.4,161,AB+
femme,Sirois,Céline,10/22/1958,AUBERVILLIERS,52.4,155,B+
femme,Baron,Angelique,1/11/1935,GAGNY,86.2,158,O+
homme,Durand,Yvon,1/17/1985,NICE,96.9,182,A-
femme,Simard,Nicolette,5/1/1991,MONTAUBAN,59.7,170,O-
femme,Voisine,Honore,8/18/1960,PARIS,68.2,157,A+
homme,Drouin,Rabican,10/8/1966,RENNES,114.4,176,O+
homme,Vincent,Gilbert,5/2/1980,CACHAN,104.7,176,B+
homme,Savard,Arno,5/5/1966,CHÂTENAY-MALABRY,96.6,182,A+
femme,Boisvert,Blanchefle,7/7/1988,VALENCIENNES,97.8,158,O+
homme,Frappier,Fabien,5/30/1951,STRASBOURG,102.0,176,O+
femme,Duplessis,Marjolaine,9/7/1971,BOURG-EN-BRESSE,57.9,164,O+
femme,Josseaume,Agate,8/31/1942,CHARTRES,100.4,170,A+
homme,Dupont,Fortun,12/8/1933,CHÂTENAY-MALABRY,79.7,163,O+
homme,Lapointe,Campbell,4/6/1978,COLOMIERS,112.2,170,O+
homme,Fortier,Barry,11/15/1969,TOULOUSE,104.7,181,A-
femme,Casgrain,Dalmace,3/12/1995,DZAOUDZI,74.7,171,O+
homme,Couturier,Faustin,6/27/1956,SEDAN,102.6,176,O+
homme,Piedalue,Pryor,2/29/1948,GUÉRET,70.4,163,B+
homme,Duplanty,Eliot,12/28/1980,VALENCE,87.7,167,O+
homme,David,Roland,4/15/1968,VILLIERS-LE-BEL,114.1,180,A+
femme,Lemieux,Julie,7/31/1945,PUTEAUX,51.2,165,A+
femme,Sauriol,Caresse,2/3/1986,VIENNE,97.4,154,B+
femme,Jetté,Laetitia,9/24/1937,LUNEL,59.1,151,A+
femme,Jolicoeur,Danielle,2/20/1965,CARPENTRAS,95.4,171,B+
homme,Lespérance,Zerbino,11/22/1998,GAGNY,65.4,164,B+
homme,Jolicoeur,Maurice,2/10/1942,SAINT-POL-SUR-MER,74.2,164,O+
femme,Édouard,Aubrey,7/30/1955,VILLIERS-LE-BEL,55.2,166,O+
femme,Rocher,Halette,2/5/1945,ORLÉANS,75.8,151,O+
femme,D'Avis,Geneviève,12/28/1984,ANTONY,52.5,160,O+
femme,Lanctot,Hélène,10/24/1964,NEUILLY-SUR-MARNE,56.9,164,O+
femme,Moreau,Ancelote,10/31/1967,HERBLAY,99.3,166,O+
femme,De La Vergne,Clothilde,12/14/1953,MÂCON,90.6,162,B+
femme,Fréchette,Nicolette,4/7/1964,SARCELLES,79.7,166,O+
femme,Gilbert,Lundy,6/3/1984,MALAKOFF,57.7,162,B+
homme,Boucher,Benoît,7/16/1968,DAMMARIE-LES-LYS,88.1,169,B+
femme,Sacré,Phillipa,2/2/1965,RUEIL-MALMAISON,63.7,163,B+
homme,Sevier,Davet,7/5/1940,POISSY,80.3,170,O+
femme,Paquin,La Roux,10/8/1986,NANCY,69.8,161,B-
homme,de Brisay,Alphonse,4/8/1933,CLICHY-SOUS-BOIS,76.3,162,B+
femme,Devost,Nicole,12/21/1990,LAMBERSART,62.3,160,O+
homme,Thériault,Harbin,6/19/1947,HAGUENAU,101.8,180,A+
femme,Duplessis,Caresse,4/22/1999,ORLÉANS,81.3,160,A+
femme,Marleau,Nicolette,10/29/1981,GUÉRET,56.4,171,O+
femme,Gousse,Julie,10/1/1974,LANESTER,66.8,163,B+
femme,Tougas,Hedvige,12/29/1988,MARSEILLE,94.7,163,O-
femme,Pariseau,Victorine,3/31/1975,LE GRAND-QUEVILLY,55.9,172,A+
homme,Daoust,Ansel,4/12/1965,SOISSONS,105.8,173,A+
homme,Cressac,Granville,4/18/1966,PESSAC,77.3,187,O+
homme,Chauvet,Isaac,8/16/1958,CHERBOURG,106.1,179,A+
femme,Vadeboncoeur,Demi,1/5/1942,RILLIEUX-LA-PAPE,88.8,170,O+
femme,Bois,Cinderella,1/7/1964,LE CREUSOT,83.3,174,O+
femme,Chenard,Noelle,6/10/1944,SAINTES,90.8,171,AB+
homme,Dupuis,Hugues,9/7/1977,ARLES,96.8,168,B+
femme,Vaillancour,Viollette,8/28/1975,TOURS,88.0,163,A+
homme,Vincent,Saber,2/21/1992,BÈGLES,92.0,173,B+
femme,Godin,Éléonore,1/9/1993,PÉRIGUEUX,54.8,173,O+
femme,Mailhot,Ermengardi,10/4/1959,ROANNE,77.1,165,O+
homme,Caisse,Gérard,9/23/1981,SAINT-LOUIS,73.4,172,B-
homme,Martin,Royden,4/6/1945,AGDE,104.2,172,B+
homme,Patel,Porter,11/27/1943,SAINT-HERBLAIN,98.6,173,O+
homme,Plante,Millard,11/27/1945,VILLEPINTE,63.6,176,O+
homme,Michaud,Yvon,3/6/1961,PARIS,94.2,182,A+
homme,Sevier,Agramant,6/25/1975,MARSEILLE,106.9,167,A+
femme,Paquet,Maureen,11/23/1943,BAYONNE,92.2,151,A+
femme,Rochefort,Esmeraude,3/16/1944,ISTRES,72.0,157,O+
femme,Huppé,Viollette,8/17/1962,SAINT-DIÉ,91.0,172,O+
femme,Plaisance,Frédérique,10/1/1968,TOULOUSE,105.5,166,O+
homme,Melanson,Prewitt,10/30/1936,DREUX,93.4,174,O+
homme,Sevier,Stéphane,10/14/1983,SARTROUVILLE,108.6,189,A+
homme,Provencher,Barry,6/17/1981,CASTRES,85.0,177,O+
femme,Camus,Jolie,4/24/1994,CAVAILLON,59.1,173,O+
femme,Frappier,Gabrielle,1/15/1960,ROSNY-SOUS-BOIS,99.8,155,O+
femme,Pinette,Nicole,2/1/1945,TOULOUSE,78.3,152,B+
homme,Henrichon,Millard,10/2/1995,MAGAGNOSC,80.6,186,A+
homme,Jetté,Dreux,4/9/1985,LES LILAS,74.6,172,A+
homme,Sylvain,Auguste,7/9/1990,GRIGNY,82.7,188,O+
femme,Sanschagrin,Allyriane,7/22/1938,SARREGUEMINES,98.2,155,O+
homme,Pinette,Emmanuel,12/9/1947,AMIENS,62.6,179,O+
femme,Savoie,Olympia,2/22/1953,THIAIS,50.2,172,A+
homme,Brodeur,Fiacre,3/8/1997,BAYONNE,65.1,185,O+
homme,Duhamel,Sargent,8/8/1948,BOBIGNY,97.7,174,B+
femme,Lafrenière,Caresse,3/29/1979,THIONVILLE,102.2,154,B+
femme,Du Trieux,Laurence,5/24/1953,CHAMPIGNY-SUR-MARNE,78.3,159,B+
femme,Verreau,Slainie,6/16/1940,MARSEILLE,86.8,155,A+
homme,Auger,Peverell,11/5/1960,SARTROUVILLE,107.9,167,O+
femme,Rocher,Anaïs,1/6/1993,DREUX,93.9,156,B+
femme,Ricard,Joanna,3/7/1952,SAINT-CHAMOND,68.7,167,O+
femme,Bisaillon,Victoire,3/8/1972,VERTOU,60.1,159,AB+
homme,Petrie,Delmar,12/30/1987,BOURGOIN-JALLIEU,73.2,176,O+
homme,Panetier,Eliot,6/30/1939,PARIS,73.1,162,A+
femme,Sirois,Blanche,1/21/1992,CARPENTRAS,56.7,156,O+
homme,Lefèbvre,Mercer,6/14/1975,SAINT-POL-SUR-MER,117.0,183,O+
homme,Gladu,Parfait,6/16/1979,SAINT-DENIS,92.4,169,AB+
homme,St-Pierre,Lowell,12/26/1934,CONCARNEAU,71.0,182,O+
homme,Sansouci,Grosvenor,1/14/1955,AMIENS,87.6,169,A+
homme,Perrault,Eustache,10/9/1997,SALON-DE-PROVENCE,106.0,172,B+
homme,Fortier,Arnaud,12/25/1985,LE TAMPON,62.1,178,O+
homme,Savard,Ansel,6/9/1982,MARSEILLE,105.7,168,O+
homme,Mathieu,Robert,12/6/1933,PARIS,84.0,175,O+
homme,Flamand,Warrane,6/5/1945,SAINTE-FOY-LÈS-LYON,81.5,177,B+
femme,Guimond,Antoinette,6/25/1998,FORBACH,87.5,161,O+
femme,Chalut,Carole,4/20/1961,FLEURY-LES-AUBRAIS,66.0,164,O+
femme,Jodoin,Virginie,12/27/1982,YERRES,91.7,156,O+
femme,Adler,Hélène,4/10/1990,SAINT-ÉTIENNE,100.8,162,B+
homme,Quessy,Javier,8/26/1965,RILLIEUX-LA-PAPE,110.5,175,O+
femme,Larocque,Belle,1/4/1993,CENON,83.9,159,O+
femme,Harquin,Cammile,1/19/1966,BOBIGNY,51.3,161,O+
homme,Sicard,Fletcher,8/28/1987,BLOIS,83.7,181,A+
homme,Fortier,Patrick,6/4/1992,LA VARENNE-SAINT-HILAIRE,107.9,182,A+
homme,Therriault,Sumner,1/11/1979,TOULON,73.2,179,A+
homme,Guilmette,Beaufort,6/7/1948,PERPIGNAN,104.3,171,O+
femme,Gour,Margaux,7/22/1947,LYON,65.5,164,A+
homme,Bonneville,Dreux,5/2/1968,CHAMBÉRY,88.3,182,O-
homme,Binet,Émile,8/14/1975,ROMAINVILLE,100.5,182,O+
homme,Laurent,Aubrey,12/12/1971,TULLE,95.7,167,O-
femme,De La Ronde,Anouk,9/6/1967,CHOLET,102.8,156,O+
homme,Authier,Jesper,3/19/1955,BOULOGNE-BILLANCOURT,105.6,178,A+
femme,Beaudry,Tempeste,3/14/1966,DIEPPE,95.1,164,O+
femme,Croquetaigne,Anouk,7/13/1966,MONTPELLIER,73.5,165,O-
femme,Laliberté,Olympia,6/16/1947,PARIS,88.9,164,B+
femme,Bergeron,Yolande,1/1/1959,HAZEBROUCK,74.8,167,O+
femme,Marcoux,Avril,12/12/1955,BELFORT,70.8,167,O+
femme,Ruais,Ninette,7/19/1991,MONTBÉLIARD,83.3,167,AB+
homme,Bourgouin,Porter,6/11/1997,SAINT-MICHEL-SUR-ORGE,78.0,167,B+
homme,Querry,Avenall,3/20/1937,BONDY,83.5,181,O+
homme,de Brisay,Bevis,4/13/1963,PARIS,92.7,179,A+
femme,Barteaux,Alexandrin,3/28/1988,TOULOUSE,72.9,166,O+
femme,Faubert,Marphisa,4/5/1950,PARIS,98.5,162,O+
femme,Turcotte,Calandre,11/30/1991,SAINT-ANDRÉ,71.7,168,O+
homme,Poissonnier,Zdenek,8/3/1989,SAINT-BENOÎT,102.3,180,O+
homme,Lapierre,Royden,3/15/1989,VINCENNES,75.2,181,B+
femme,Loiselle,Karlotta,12/5/1970,BREST,61.9,163,O+
femme,Garceau,Fanchon,10/21/1967,SAINT-PAUL,99.4,158,O+
femme,Chesnay,Gallia,7/5/1955,LE MANS,50.0,153,B+
homme,Bourget,Saber,4/15/1956,TOULOUSE,71.6,175,A+
homme,Beaudouin,Guillaume,9/3/1939,LYON,79.9,183,O+
femme,Joly,Cécile,10/30/1996,VALENCIENNES,47.6,161,AB+
femme,Devoe,Renée,9/17/1968,MONTAUBAN,95.4,170,B+
homme,Clément,Florismart,5/17/1996,HERBLAY,96.1,186,B+
femme,Carrière,Albracca,9/20/1938,SAUMUR,102.4,164,AB+
femme,Miron,Hedvige,9/16/1994,AVIGNON,69.3,170,O+
femme,Vertefeuille,Astrid,1/7/1948,CAGNES-SUR-MER,89.5,169,O+
homme,Belisle,Gaston,1/31/1934,ROMAINVILLE,102.2,168,O+
homme,Fugère,Lucas,3/17/1968,SARREGUEMINES,104.7,181,B+
homme,Bazin,Bruno,9/27/1933,ALFORTVILLE,89.8,173,A+
femme,Lanteigne,Cendrillon,8/10/1965,VILLENEUVE-SAINT-GEORGES,66.2,163,O+
homme,Harquin,Beltane,2/3/1976,ISSY-LES-MOULINEAUX,107.6,173,B-
femme,Leduc,Ruby,5/16/1981,LYON,76.2,175,O-
femme,Ricard,Louise,4/15/1956,ÉCHIROLLES,83.5,153,O+
homme,Charpentier,Stéphane,11/24/1940,NANCY,94.9,163,A+
homme,Brodeur,Archaimbau,1/5/1938,LA COURNEUVE,67.2,178,B+
homme,Aubé,Pryor,5/28/1997,THIAIS,82.4,189,O+
femme,Bourgeau,Laurence,1/15/1941,NOGENT-SUR-MARNE,68.4,159,O+
femme,Vaillancourt,Danielle,3/28/1984,BOULOGNE-SUR-MER,101.5,155,B+
homme,Marois,Thomas,7/26/1965,SAINT-ÉTIENNE,72.7,168,O+
femme,Tétrault,Marie,5/30/1942,FRÉJUS,84.2,166,A+
femme,Doiron,Amabella,6/5/1970,MAISONS-ALFORT,101.3,169,A+
homme,Lemaître,Curtis,8/10/2000,BEAUVAIS,66.9,184,O+
homme,Dostie,Gilles,1/17/1999,LA CELLE-SAINT-CLOUD,88.3,175,B+
homme,Beaujolie,Leverett,7/17/1993,PESSAC,101.1,175,O+
femme,Beaulieu,Voleta,1/27/1935,LE BLANC-MESNIL,62.8,153,A+
femme,Migneault,Sabine,12/14/1971,SAUMUR,79.7,172,B+
homme,Brisette,Eliot,11/9/1984,ÉPERNAY,101.5,177,B+
femme,Lazure,Lundy,7/4/1947,MASSY,58.2,164,A+
homme,LaCaille,Saville,10/27/1972,MONTIGNY-LE-BRETONNEUX,114.1,175,O+
homme,Faubert,Rule,9/23/1961,JOUÉ-LÈS-TOURS,105.4,170,A+
homme,de Chateaub,Tabor,9/21/1936,HERBLAY,79.0,164,B+
femme,Givry,Édith,5/14/1973,BOURGOIN-JALLIEU,56.6,169,A+
homme,Fluet,Ray,3/18/1959,SEVRAN,82.7,174,O+
homme,Bérubé,Dominic,9/13/1958,LA SEYNE-SUR-MER,79.9,180,O+
homme,de Launay,Carolos,5/20/1933,PRIVAS,69.1,165,O+
homme,Roussel,Théodore,10/6/1990,SANNOIS,104.3,183,O+
homme,Deblois,Orville,6/27/1982,LA CIOTAT,75.2,177,B+
femme,Deserres,Andrée,2/10/1936,PIERREFITTE-SUR-SEINE,56.6,160,O+
homme,Galarneau,Raoul,3/15/1939,COUDEKERQUE-BRANCHE,66.7,179,AB+
homme,Adler,Donatien,4/16/1993,RIS-ORANGIS,108.4,190,O+
femme,Breton,Roxanne,2/10/1953,SAINT-PIERRE,50.6,170,A+
homme,LaGrande,Joseph,5/3/1971,BÉTHUNE,80.5,181,B+
femme,Barrette,Diane,8/31/1999,PUTEAUX,83.3,175,A-
homme,Roy,Robert,9/1/1967,SAINT-MAUR-DES-FOSSÈS,114.4,182,B+
femme,Desforges,Élisabeth,9/8/1937,LONGJUMEAU,66.9,161,B+
homme,Faure,Amaury,10/8/1981,PALAISEAU,66.3,169,B+
femme,Bolduc,Morgana,5/15/1938,ARLES,72.8,155,O+
femme,Rouze,Marjolaine,9/2/1973,MONTFERMEIL,63.3,174,A+
homme,Durepos,Hardouin,11/11/1972,PARIS,109.5,169,O+
homme,Grondin,Felicien,8/15/1941,PARIS,96.1,169,B+
femme,Morel,Avril,12/12/1960,SAINT-OUEN,97.7,169,O+
femme,Arnoux,Cendrillon,7/3/1972,LA GARENNE-COLOMBES,61.0,171,B+
homme,Chalut,Channing,3/28/1991,LIÉVIN,61.2,186,A+
femme,Beauchamp,Julienne,9/16/1960,SAINT-ÉTIENNE-DU-ROUVRAY,65.9,167,B+
femme,Flamand,Vignette,1/5/1941,NICE,55.3,157,O+
femme,Pomerleau,Constance,6/26/1953,GRIGNY,90.8,155,A+
homme,Berger,Fitz,9/15/1996,PÉRIGUEUX,65.5,179,A-
homme,Parrot,Desire,2/17/1937,VILLIERS-SUR-MARNE,101.2,181,AB+
femme,Sauvé,Yvette,11/18/1976,NICE,50.1,154,A+
femme,Laux,Colette,3/4/1936,TOURS,87.4,163,A-
femme,Camus,Roxanne,2/26/1973,YERRES,73.4,158,AB+
femme,Ménard,Cosette,11/12/1988,LAON,79.8,164,B+
homme,Dubé,Pierre,10/16/1953,LYON,95.1,185,B+
